timestamp,train_id,train_name,current_station_id,current_station_name,current_station_sequence,latitude,longitude,delay_minutes,speed_kmph,current_status,next_station_id,next_station_name,distance_to_next_station_km,congestion_level,section_condition,scenario,feed_type,data_source_type
2026-09-22T14:55:38.398575+00:00,12951,Mumbai Central-New Delhi Rajdhani Express,KOTA,KOTA JN,143,25.223553,75.8805,18.0,0.0,STOPPED_STATION,GQL,GURLA,5.21,0.22,CLEAR_TRACK,NORMAL,SIMULATED_LIVE,SYNTHETIC_DEMO
2026-09-22T14:55:38.398575+00:00,12951,Mumbai Central-New Delhi Rajdhani Express,KOTA,KOTA JN,143,25.223553,75.8805,22.0,52.0,IN_TRANSIT,GQL,GURLA,5.21,0.78,HEAVY_FREIGHT_INTERACTION,CONGESTION,SIMULATED_LIVE,SYNTHETIC_DEMO
2026-09-22T14:55:38.398575+00:00,12951,Mumbai Central-New Delhi Rajdhani Express,KOTA,KOTA JN,143,25.223553,75.8805,48.0,0.0,STOPPED_STATION,GQL,GURLA,5.21,0.95,SIGNAL_FAILURE_SECTION_BLOCK,SEVERE_DELAY,SIMULATED_LIVE,SYNTHETIC_DEMO
2026-09-22T14:55:38.398575+00:00,12004,NewDelh-Lucknowi Swarn Shatabdi Express,HNG,HIRANGAON,34,27.175703,78.314619,18.0,0.0,STOPPED_STATION,FZD,FIROZABAD,7.79,0.22,CLEAR_TRACK,NORMAL,SIMULATED_LIVE,SYNTHETIC_DEMO
2026-09-22T14:55:38.398575+00:00,12004,NewDelh-Lucknowi Swarn Shatabdi Express,HNG,HIRANGAON,34,27.175703,78.314619,22.0,52.0,IN_TRANSIT,FZD,FIROZABAD,7.79,0.78,HEAVY_FREIGHT_INTERACTION,CONGESTION,SIMULATED_LIVE,SYNTHETIC_DEMO
2026-09-22T14:55:38.398575+00:00,12004,NewDelh-Lucknowi Swarn Shatabdi Express,HNG,HIRANGAON,34,27.175703,78.314619,48.0,0.0,STOPPED_STATION,FZD,FIROZABAD,7.79,0.95,SIGNAL_FAILURE_SECTION_BLOCK,SEVERE_DELAY,SIMULATED_LIVE,SYNTHETIC_DEMO
2026-09-22T14:55:38.398575+00:00,12002,New Delhi-Bhopal Shatabdi Express,RRU,RAYARU,40,26.307454,78.129864,18.0,0.0,STOPPED_STATION,BLNR,BIRLANAGAR,10.15,0.22,CLEAR_TRACK,NORMAL,SIMULATED_LIVE,SYNTHETIC_DEMO
2026-09-22T14:55:38.398575+00:00,12002,New Delhi-Bhopal Shatabdi Express,RRU,RAYARU,40,26.307454,78.129864,22.0,52.0,IN_TRANSIT,BLNR,BIRLANAGAR,10.15,0.78,HEAVY_FREIGHT_INTERACTION,CONGESTION,SIMULATED_LIVE,SYNTHETIC_DEMO
2026-09-22T14:55:38.398575+00:00,12002,New Delhi-Bhopal Shatabdi Express,RRU,RAYARU,40,26.307454,78.129864,48.0,0.0,STOPPED_STATION,BLNR,BIRLANAGAR,10.15,0.95,SIGNAL_FAILURE_SECTION_BLOCK,SEVERE_DELAY,SIMULATED_LIVE,SYNTHETIC_DEMO
